"Coffee-Column","Coffee-QuickExtract","Passive-Column","Passive-QuickExtract","Sylphium-Sylphium"
0,0.983847017649294,0,0,0.534547124748745
1.13695804833982,0.693147180559945,0,0,0.418240308647197
0.00194159362869113,0,0,0,1.6248635718519
0.836370964466404,0,0.726197468169233,0,0
0.0254575918964074,0,0.693147180559945,0,0
0.842615068737828,0.0317979594961141,1.41883106672476,0.693147180559945,0.000160942263651625
0.00161088996213958,0,1.09861228866811,0,0
2.40942814053697,2.3833035710482,2.27131949556922,1.79175946922805,1.8218298213843
0.00323092246251454,0,0,0,1.09861228866811
0.693147180559945,0,0,0,0
1.97736893753306,0.0697014524785634,0,0,0
0.932895129101715,0,0,0,1.50831024655148
0,0,0,0,0.814886355127328
1.16204094357883,0,0,0,0.594336855366317
1.33243573916697,1.1018388413636,0,0.693147180559945,0.0182797375331558
0.728414272411114,0,0,0,0
0.693147180559945,0,0,0,0
0.785281171103752,0,0,0,0
0.693147180559945,0,0,0,0
0.693147180559945,0,0,0,0
0.0127333358730277,0,0,0,1.09861228866811
0.74426632173974,0.0630330859883438,0,0.693147180559945,0.288790673190307
0.970532908535623,0.00915776308871234,0.693147180559945,0,1.10376443175838
0.693147180559945,0,0,0,0
0.693147180559945,0,0,0,0
0,0,0,0,0.895112524622431
0,0,0,0,1.04546980132677
0,0,0,0,0.693147180559945
0.792361180627029,0.885678578405375,0.318541972446453,0,0.00958003251558716
0,0,0,0.693147180559945,0
0.73578753648384,0,0,0,0
1.09861228866811,0,0,0,0
0.133833516021708,0,1.26167948553914,0,0
0,0,0.693147180559945,0,0
0.693147180559945,0,0,0,0
0.717362067290411,0,0,0,0.0223842780842715
0,0,0,0,0.693147180559945
0,0,0.693147180559945,0,0
0.849681629148404,0,0,0,0
0.693147180559945,0,0,0,0
0.693147180559945,0,0,0,0
0.693147180559945,0,0,0,0
0.0208632406758255,0.693147180559945,0,0,0
0,0,0,0,0.693147180559945
0.882082360125911,0,0,0,0
0.693147180559945,0.522204569713651,0,0,0
0,0.693147180559945,0,0,0
0.368452525579995,0.153174730652038,0.693147180559945,0,0
