"Genus","Phylum","Class","Order","Family","Coffee-QuickExtract","Sylphium-Sylphium","Coffee-Column","Passive-Column","Passive-QuickExtract"
"Abramis","Chordata","Actinopteri","Cypriniformes","Leuciscidae",1,1,1,1,0
"Alburnus","Chordata","Actinopteri","Cypriniformes","Leuciscidae",1,1,1,1,1
"Alces","Chordata","Mammalia","Artiodactyla","Cervidae",0,1,0,0,0
"Alpinocottus","Chordata","Actinopteri","Perciformes","Cottidae",0,1,0,0,0
"Ammotragus","Chordata","Mammalia","Artiodactyla","Bovidae",0,0,1,1,0
"Anas","Chordata","Aves","Anseriformes","Anatidae",1,1,1,1,1
"Anser","Chordata","Aves","Anseriformes","Anatidae",0,0,1,1,0
"Arvicola","Chordata","Mammalia","Rodentia","Cricetidae",0,1,1,0,0
"Barbatula","Chordata","Actinopteri","Cypriniformes","Nemacheilidae",0,0,1,0,0
"Bos","Chordata","Mammalia","Artiodactyla","Bovidae",1,1,1,0,1
"Bubo","Chordata","Aves","Strigiformes","Strigidae",0,1,0,0,0
"Canis","Chordata","Mammalia","Carnivora","Canidae",1,1,1,1,1
"Capreolus","Chordata","Mammalia","Artiodactyla","Cervidae",0,1,0,0,0
"Castor","Chordata","Mammalia","Rodentia","Castoridae",0,0,1,0,0
"Cervus","Chordata","Mammalia","Artiodactyla","Cervidae",1,0,1,0,0
"Cinclus","Chordata","Aves","Passeriformes","Cinclidae",0,1,0,0,0
"Clethrionomys","Chordata","Mammalia","Rodentia","Cricetidae",0,1,1,1,0
"Clupea","Chordata","Actinopteri","Clupeiformes","Clupeidae",0,0,1,0,0
"Columba","Chordata","Aves","Columbiformes","Columbidae",0,0,1,0,0
"Coregonus","Chordata","Actinopteri","Salmoniformes","Salmonidae",1,1,1,0,0
"Corvus","Chordata","Aves","Passeriformes","Corvidae",1,1,1,0,0
"Cottus","Chordata","Actinopteri","Perciformes","Cottidae",1,1,1,1,0
"Cygnus","Chordata","Aves","Anseriformes","Anatidae",1,1,1,0,0
"Emberiza","Chordata","Aves","Passeriformes","Fringillidae",1,0,0,0,0
"Equus","Chordata","Mammalia","Perissodactyla","Equidae",1,1,1,0,0
"Esox","Chordata","Actinopteri","Esociformes","Esocidae",0,1,1,0,0
"Felis","Chordata","Mammalia","Carnivora","Felidae",1,1,1,1,1
"Gadus","Chordata","Actinopteri","Gadiformes","Gadidae",1,0,1,1,1
"Gallus","Chordata","Aves","Galliformes","Phasianidae",1,0,1,1,0
"Gymnocephalus","Chordata","Actinopteri","Perciformes","Percidae",1,1,1,0,0
"Lampetra","Chordata","Hyperoartia","Petromyzontiformes","Petromyzontidae",1,1,1,1,0
"Lepus","Chordata","Mammalia","Lagomorpha","Leporidae",1,1,1,1,0
"Leuciscus","Chordata","Actinopteri","Cypriniformes","Leuciscidae",1,1,1,0,0
"Lota","Chordata","Actinopteri","Gadiformes","Lotidae",1,1,1,1,1
"Lutra","Chordata","Mammalia","Carnivora","Mustelidae",0,0,1,0,0
"Lyrurus","Chordata","Aves","Galliformes","Phasianidae",0,0,1,0,0
"Meleagris","Chordata","Aves","Galliformes","Phasianidae",1,0,0,0,0
"Meles","Chordata","Mammalia","Carnivora","Mustelidae",0,0,1,0,0
"Micromys","Chordata","Mammalia","Rodentia","Muridae",1,0,0,0,0
"Microtus","Chordata","Mammalia","Rodentia","Cricetidae",1,1,1,1,0
"Mus","Chordata","Mammalia","Rodentia","Muridae",1,0,1,1,1
"Mustela","Chordata","Mammalia","Carnivora","Mustelidae",0,0,1,0,0
"Myodes","Chordata","Mammalia","Rodentia","Cricetidae",0,1,1,0,0
"Neomys","Chordata","Mammalia","Eulipotyphla","Soricidae",0,1,1,0,0
"Oncorhynchus","Chordata","Actinopteri","Salmoniformes","Salmonidae",1,0,1,1,0
"Ondatra","Chordata","Mammalia","Rodentia","Cricetidae",0,1,0,0,0
"Oryctolagus","Chordata","Mammalia","Lagomorpha","Leporidae",0,0,1,0,0
"Osmerus","Chordata","Actinopteri","Osmeriformes","Osmeridae",1,1,1,1,0
"Ovis","Chordata","Mammalia","Artiodactyla","Bovidae",0,0,1,1,0
"Perca","Chordata","Actinopteri","Perciformes","Percidae",1,1,1,0,0
"Phoca","Chordata","Mammalia","Carnivora","Phocidae",0,0,1,0,0
"Phoxinus","Chordata","Actinopteri","Cypriniformes","Leuciscidae",0,1,1,1,1
"Poecile","Chordata","Aves","Passeriformes","Paridae",1,0,0,0,0
"Pomatoschistus","Chordata","Actinopteri","Gobiiformes","Gobiidae",1,0,0,0,0
"Pungitius","Chordata","Actinopteri","Perciformes","Gasterosteidae",1,0,1,0,0
"Rangifer","Chordata","Mammalia","Artiodactyla","Cervidae",1,0,1,1,0
"Rattus","Chordata","Mammalia","Rodentia","Muridae",1,1,1,1,0
"Regulus","Chordata","Aves","Passeriformes","Regulidae",0,0,1,0,0
"Rutilus","Chordata","Actinopteri","Cypriniformes","Leuciscidae",1,1,1,1,0
"Salmo","Chordata","Actinopteri","Salmoniformes","Salmonidae",1,1,1,1,0
"Salvelinus","Chordata","Actinopteri","Salmoniformes","Salmonidae",0,0,0,1,0
"Sciurus","Chordata","Mammalia","Rodentia","Sciuridae",0,0,1,0,0
"Sorex","Chordata","Mammalia","Eulipotyphla","Soricidae",1,0,1,0,0
"Spinus","Chordata","Aves","Passeriformes","Fringillidae",0,0,1,0,0
"Sus","Chordata","Mammalia","Artiodactyla","Suidae",1,1,1,1,1
"Tetrao","Chordata","Aves","Galliformes","Phasianidae",0,0,1,0,0
"Tetrastes","Chordata","Aves","Galliformes","Phasianidae",0,0,1,0,0
"Thymallus","Chordata","Actinopteri","Salmoniformes","Salmonidae",1,0,1,1,1
"Turdus","Chordata","Aves","Passeriformes","Turdidae",0,0,1,0,0
"Vulpes","Chordata","Mammalia","Carnivora","Canidae",0,0,1,0,0
